county,label,precinct
APPLING,1B,1B
APPLING,1C,1C
APPLING,2,2
APPLING,3A1,3A1
APPLING,3C,3C
APPLING,4B,4B
APPLING,4D,4D
APPLING,5A,5A
APPLING,5B,5B
ATKINSON,0001,Pearson County
ATKINSON,0002,Axson
ATKINSON,0003,Willacoochee
ATKINSON,0004,Pearson City
BACON,DOUGL,Douglas
BAKER,A,Anna
BAKER,E,Elmodel
BAKER,H,Hoggards Mill
BAKER,M,Milford
BAKER,N,Newton
BALDWIN,1714,Scottsboro
BALDWIN,318,North Baldwin
BALDWIN,319,West Baldwin
BALDWIN,321E,East Hardwick
BALDWIN,321W,West Hardwick
BALDWIN,322,Coopers
BALDWIN,CTY1,South Milledgeville
BALDWIN,CTY2,City Hall Annex
BALDWIN,CTY3,Boddie
BALDWIN,CTY4,Courthouse
BALDWIN,CTY5,Fire Dept
BALDWIN,CTY6,North Milledgeville
BALDWIN,MERI,Meriweather
BALDWIN,MONT,East Baldwin
BANKS,0001,Anderson
BANKS,0002,Baldwin
BANKS,0003,Berlin
BANKS,0004,Bushville
BANKS,0005,Columbia
BANKS,0006,Davids
BANKS,0007,Golden Hill
BANKS,0008,Grove River
BANKS,0009,Hollingsworth
BANKS,0010,Homer
BANKS,0011,Poplar Springs
BANKS,0012,Washington
BANKS,0013,Wilmonts
BARROW,01,01 Bethlehem Community Center
BARROW,02,02 Bethlehem Church - 211
BARROW,03,03 Hmong New Hope Alliance Church
BARROW,04,04 Covenant Life Sanctuary
BARROW,05,05 Fire Station 1 (Statham)
BARROW,08,08 First Baptist Church Winder
BARROW,13,13 Winder Community Center
BARROW,16,16 The Church at Winder
BARTOW,01,Adairsville
BARTOW,02,Allatoona
BARTOW,03,Cartersville East
BARTOW,04,Cartersville West
BARTOW,05,Hamilton Crossing
BARTOW,06,Center
BARTOW,07,Emerson
BARTOW,08,Euharlee
BARTOW,09,Folsom
BARTOW,10,Kingston
BARTOW,11,Mission Road
BARTOW,12,Pine Log
BARTOW,14,Taylorsville
BARTOW,15,White
BARTOW,16,Zena Drive
BARTOW,17,Cassville
BARTOW,18,Woodland
BEN HILL,1,East
BEN HILL,2,West
BERRIEN,11062,West Berrien
BERRIEN,1144,Ray City
BERRIEN,1157,Nashville
BERRIEN,1642,Enigma
BERRIEN,518,Alapaha
BIBB,EM1,East Macon 1
BIBB,EM2,East Macon 2
BIBB,EM3,East Macon 3
BIBB,EM4,East Macon 4
BIBB,EM5,East Macon 5
BIBB,GF1,Godfrey 1
BIBB,GF2,Godfrey 2
BIBB,GF3,Godfrey 3
BIBB,GF4,Godfrey 4
BIBB,GF5,Godfrey 5
BIBB,HA1,Hazzard 1
BIBB,HA2,Hazzard 2
BIBB,HA3,Hazzard 3
BIBB,HA4,Hazzard 4
BIBB,HO1,Howard 1
BIBB,HO2,Howard 2
BIBB,HO3,Howard 3
BIBB,HO4,Howard 4
BIBB,HO5,Howard 5
BIBB,HO6,Howard 6
BIBB,HO7,Howard 7
BIBB,RU1,Rutland 1
BIBB,RU2,Rutland 2
BIBB,VV1,Vineville 1
BIBB,VV2,Vineville 2
BIBB,VV3,Vineville 3
BIBB,VV4,Vineville 4
BIBB,VV5,Vineville 5
BIBB,VV6,Vineville 6
BIBB,WA1,Warrior 1
BIBB,WA2,Warrior 2
BLECKLEY,1,Fairground
BRANTLEY,1,Hoboken
BRANTLEY,2,Nahunta
BRANTLEY,3,Waynesville
BROOKS,1199,Quitman
BROOKS,1230,Barwick
BROOKS,1402,Dixie
BROOKS,1650,Briggs
BROOKS,1712,Pavo
BROOKS,659,Nankin
BROOKS,660,Morven
BRYAN,1,Pembroke
BRYAN,10,Danielsiding
BRYAN,2,Ellabell
BRYAN,3,Black Creek
BRYAN,4,Ways Station
BRYAN,5,RH Rec Complex
BRYAN,6,JF Gregory Park
BRYAN,7,Keller
BRYAN,8,Hwy 144 East
BRYAN,9,Public Safety Complex
BULLOCH,1,Lockhart
BULLOCH,10,Emit
BULLOCH,11,Statesboro
BULLOCH,12,Portal
BULLOCH,13,Fair
BULLOCH,14,Church
BULLOCH,15,Pittman Park
BULLOCH,16,Leefield
BULLOCH,2,Blitch
BULLOCH,3,Hagin
BULLOCH,4,Brooklet
BULLOCH,5,Stilson
BULLOCH,6,Bay
BULLOCH,7,Nevils
BULLOCH,8,Sinkhole
BULLOCH,9,Register
BURKE,0001,Alexander
BURKE,0002,Four Points
BURKE,0003,Girard
BURKE,0004,Gough
BURKE,0005,Greenscut
BURKE,0006,Keysville
BURKE,0007,Midville
BURKE,0008,Munnerlyn
BURKE,0009,Sardis
BURKE,0010,Scotts Crossroads
BURKE,0011,Telfair
BURKE,0012,St Clair
BURKE,0013,Vidette
BURKE,0014,North Waynesboro
BURKE,0015,South Waynesboro
BURKE,0016,Blakeney
BUTTS,BCAB,Butts County Admin Bldg
CALHOUN,1,Leary
CALHOUN,2,Morgan
CALHOUN,3,Edison
CALHOUN,4,Edison-Arlington
CALHOUN,5,Arlington
CAMDEN,01,Tarboro
CAMDEN,02,Waverly
CAMDEN,03,Woodbine
CAMDEN,04,Browntown
CAMDEN,05,Harrietts Bluff
CAMDEN,06,West Kingsland
CAMDEN,07,North Kingsland
CAMDEN,08,Kingsland
CAMDEN,09,East Kingsland
CAMDEN,10,North St Marys
CAMDEN,11,St Marys
CAMDEN,12,South St Marys
CAMDEN,13,Mush Bluff
CAMDEN,14,West St Marys
CANDLER,CAND,Jack Strickland Comm Center
CARROLL,1006,Kansas
CARROLL,1111,Bowdon
CARROLL,1122,Sandhill
CARROLL,1152,Center Point
CARROLL,1240,Mt Zion
CARROLL,1371,Burwell
CARROLL,1483,Clem
CARROLL,1496,Bowdon Junction
CARROLL,1533,Tyus
CARROLL,1540,Fairfield
CARROLL,1542,Hulett
CARROLL,501,Bethany
CARROLL,640,V R County South
CARROLL,641,V R County North
CARROLL,642,Villa Rica City
CARROLL,649,Temple County
CARROLL,650,Temple City
CARROLL,682,Whitesburg
CARROLL,713,Roopville
CARROLL,714A1,West Carrollton
CARROLL,714A2,Lakeshore Rec Center
CARROLL,714A3,Bonner
CARROLL,714A4,University of W GA
CARROLL,714A5,County Admin Bldg
CARROLL,714A6,Tabernacle Church
CARROLL,714BN,Burson Center
CARROLL,714BW,Old Camp Church
CARROLL,715,Oak Grove
CATOOSA,BLCK,Blackstock
CATOOSA,BOYN,Boynton
CATOOSA,CAKT,Catoosa Keith
CATOOSA,CHAM,Chambers
CATOOSA,FT O,Ft Oglethorpe
CATOOSA,GRAY,Graysville
CATOOSA,LAKE,Lakeview
CATOOSA,POPS,Poplar Springs
CATOOSA,RING,Ringgold
CATOOSA,WEST,Westside
CATOOSA,WOOD,Woodstation
CHARLTON,2,Folkston
CHARLTON,3B,GA Bend
CHARLTON,3S,St George
CHARLTON,4A,American Legion
CHARLTON,4H,Homeland
CHARLTON,5F,Folkston Fire
CHARLTON,5R,Racepond
CHARLTON,5W,Winokur
CHATHAM,1-01C,1-01C First Presbyterian Church
CHATHAM,1-05C,1-05C JEA Building
CHATHAM,1-06C,1-06C Central Church of Christ
CHATHAM,1-08C,1-08C Grace United Methodist Church
CHATHAM,1-09C,1-09C Immanuel Baptist Church
CHATHAM,1-10C,1-10C St Thomas Episcopal Church
CHATHAM,1-12C,1-12C Isle of Hope Baptist
CHATHAM,1-13C,1-13C The Sanctuary
CHATHAM,1-14C,1-14C Compassion Christian Church
CHATHAM,1-16C,1-16C Ferguson Ave Baptist
CHATHAM,1-17C,1-17C Islands Christian Church
CHATHAM,2-02C,2-02C Blackshear Community Center
CHATHAM,2-03C,2-03C W W Law Center
CHATHAM,2-04C,2-04C Fellowship of Love Church
CHATHAM,2-05C,2-05C Holy Spirit Lutheran Church
CHATHAM,2-06C,2-06C Eli Whitney Complex
CHATHAM,2-07C,2-07C Christ Community Church
CHATHAM,2-09C,2-09C Salvation Army
CHATHAM,2-11C,2-11C Stillwell Towers
CHATHAM,2-12C,2-12C Williams Court Apts
CHATHAM,3-01C,3-01C Old Courthouse
CHATHAM,3-02C,3-02C Temple Mickve Israel
CHATHAM,3-03C,3-03C Savannah High School
CHATHAM,3-04C,3-04C First African Baptist Church
CHATHAM,3-05C,3-05C Aldersgate Youth Center
CHATHAM,3-08C,3-08C Jenkins High School
CHATHAM,3-09C,3-09C Cokesbury Methodist
CHATHAM,3-10C,3-10C Bible Baptist Church
CHATHAM,3-11C,3-11C Southside Baptist Church
CHATHAM,3-12C,3-12C Thunderbolt Muni Complex
CHATHAM,3-13C,3-13C New Cov 7 Day Adv Ch
CHATHAM,3-14C,3-14C Oglethorpe Charter Academy
CHATHAM,3-15C,3-15C Eli Whitney Complex
CHATHAM,4-02C,4-02C Frank Murray Comm Center
CHATHAM,4-04C,4-04C Lighthouse Baptist Church
CHATHAM,4-05C,4-05C St Francis Episcopal Church
CHATHAM,4-06C,4-06C First Baptist of the Island
CHATHAM,4-07C,4-07C Wilmington Island UMC
CHATHAM,4-08C,4-08C Wilmington Island Pres Church
CHATHAM,4-10C,4-10C Guard House Comm Ctr
CHATHAM,4-11C,4-11C Tybee Island School Cafe
CHATHAM,4-12C,4-12C St Peters Episcopal
CHATHAM,4-13C,4-13C Skidaway Island Pres Church
CHATHAM,4-14C,4-14C Skidaway Island Baptist
CHATHAM,4-15C,4-15C Skidaway Island State Park
CHATHAM,5-01C,5-01C Bartlett Middle School
CHATHAM,5-02C,5-02C Senior Citizens Center
CHATHAM,5-03C,5-03C Butler Presbyterian Church
CHATHAM,5-05C,5-05C Liberty City Comm Ctr
CHATHAM,5-06C,5-06C Seed Church
CHATHAM,5-07C,5-07C Station 1
CHATHAM,5-08C,5-08C Savannah Primitive BC
CHATHAM,5-10C,5-10C Tatumville Community Center
CHATHAM,5-11C,5-11C Largo-Tibet Elementary
CHATHAM,6-01C,6-01C White Bluff Presbyterian
CHATHAM,6-02C,6-02C Windsor Forest Baptist
CHATHAM,6-03C,6-03C Crusader Comm Center
CHATHAM,6-05C,6-05C Windsor Hall
CHATHAM,6-06C,6-06C The Light Church
CHATHAM,6-08C,6-08C Christ Memorial Baptist Church
CHATHAM,6-09C,6-09C Trinity Lutheran Church
CHATHAM,6-10C,6-10C Station 3
CHATHAM,6-11C,6-11C Bamboo Farms
CHATHAM,7-01C,7-01C Garden City Senior Ctr
CHATHAM,7-03C,7-03C PB Edwards Gym
CHATHAM,7-04C,7-04C Lake Shore Comm Ctr
CHATHAM,7-05C,7-05C Woodlawn Baptist Church
CHATHAM,7-06C,7-06C Pooler City Hall
CHATHAM,7-07C,7-07C Rothwell Baptist Church
CHATHAM,7-08C,7-08C Bloomingdale Comm Ctr
CHATHAM,7-09C,7-09C Savannah Holy C of G
CHATHAM,7-10C,7-10C Progressive Rec Center
CHATHAM,7-11C,7-11C Seventh Day Adv Church
CHATHAM,7-12C,7-12C Pooler Church
CHATHAM,7-13C,7-13C Southside Fire Trng Ctr
CHATHAM,7-14C,7-14C Coastal Cathedral
CHATHAM,7-15C,7-15C Rice Creek School
CHATHAM,7-16C,7-16C Pooler Recreation Center Gymnasium
CHATHAM,8-01C,8-01C Civic Center
CHATHAM,8-02C,8-02C Hellenic Center
CHATHAM,8-03C,8-03C Silk Hope Baptist Church
CHATHAM,8-05C,8-05C W Broad St YMCA
CHATHAM,8-06C,8-06C Tompkins Rec Center
CHATHAM,8-07C,8-07C Woodville-Tompkins TI
CHATHAM,8-08C,8-08C Resur of Our Lord Church
CHATHAM,8-09C,8-09C Moses Jackson Center
CHATHAM,8-10C,8-10C Carver Heights Comm Ctr
CHATHAM,8-11C,8-11C Butler Elementary
CHATHAM,8-12C,8-12C Beach High School
CHATHAM,8-13C,8-13C Savannah Christian
CHATHAM,8-15C,8-15C Garden City Rec Center
CHATHAM,8-16C,8-16C Royal Cinemas and IMAX
CHATTAHOOCHEE,1,Activity Center
CHATTOOGA,1083,Coldwater
CHATTOOGA,1216,Dirtseller
CHATTOOGA,1382,Haywood
CHATTOOGA,1484,Lyerly
CHATTOOGA,870,Trion
CHATTOOGA,925,Summerville
CHATTOOGA,927,Teloga
CHATTOOGA,940,Dirttown
CHATTOOGA,961,Seminole
CHATTOOGA,962,Subligna
CHATTOOGA,968,Alpine
CHATTOOGA,C-968,Cloudland
CHATTOOGA,P-870,Pennville
CHEROKEE,001,Air Acres
CHEROKEE,002,Arnold Mill
CHEROKEE,003,Avery
CHEROKEE,004,Ball Ground
CHEROKEE,005,Bascomb
CHEROKEE,006,Bells
CHEROKEE,007,Booth
CHEROKEE,008,Bradshaw
CHEROKEE,009,Bridgemill
CHEROKEE,010,Canton
CHEROKEE,011,Carmel
CHEROKEE,012,Woodstock
CHEROKEE,013,Clayton
CHEROKEE,014,Conns Creek
CHEROKEE,015,Deer Run
CHEROKEE,016,Dixie
CHEROKEE,018,Freehome
CHEROKEE,019,Hickory Flat
CHEROKEE,020,Hightower
CHEROKEE,021,Hillside
CHEROKEE,022,Holly Springs
CHEROKEE,023,Kellogg
CHEROKEE,024,Liberty
CHEROKEE,026,Little River
CHEROKEE,027,Macedonia
CHEROKEE,028,Mountain Road
CHEROKEE,029,Oak Grove
CHEROKEE,030,R M Moore
CHEROKEE,031,R T Jones
CHEROKEE,032,Rosecreek
CHEROKEE,033,Salacoa
CHEROKEE,034,Sixes
CHEROKEE,035,Sutallee
CHEROKEE,036,Teasley
CHEROKEE,037,Toonigh
CHEROKEE,038,Union Hill
CHEROKEE,039,Univeter
CHEROKEE,040,Victoria
CHEROKEE,041,Waleska
CHEROKEE,042,Wildcat
CHEROKEE,043,Woodlands
CHEROKEE,044,Neese
CLARKE,1A,1A
CLARKE,1B,1B
CLARKE,1C,1C
CLARKE,1D,1D
CLARKE,2A,2A
CLARKE,2B,2B
CLARKE,3A,3A
CLARKE,3B,3B
CLARKE,4A,4A
CLARKE,4B,4B
CLARKE,5A,5A
CLARKE,5B,5B
CLARKE,5C,5C
CLARKE,5D,5D
CLARKE,6A,6A
CLARKE,6B,6B
CLARKE,6C,6C
CLARKE,6D,6D
CLARKE,7A,7A
CLARKE,7B,7B
CLARKE,7C,7C
CLARKE,8A,8A
CLARKE,8B,8B
CLARKE,8C,8C
CLAY,1,Bluffton
CLAY,2,Zetto
CLAY,3,Court House
CLAY,4,Old Head Start
CLAY,5,Days Cross Road
CLAYTON,EW1,Ellenwood 1
CLAYTON,EW2,Ellenwood 2
CLAYTON,FP1,Forest Park 1
CLAYTON,FP2,Forest Park 2
CLAYTON,FP3,Forest Park 3
CLAYTON,FP4,Forest Park 4
CLAYTON,FP5,Forest Park 5
CLAYTON,FP6,Forest Park 6
CLAYTON,JB01,Jonesboro 1
CLAYTON,JB02,Jonesboro 2
CLAYTON,JB03,Jonesboro 3
CLAYTON,JB04,Jonesboro 4
CLAYTON,JB05,Jonesboro 5
CLAYTON,JB06,Jonesboro 6
CLAYTON,JB07,Jonesboro 7
CLAYTON,JB08,Jonesboro 8
CLAYTON,JB09,Jonesboro 9
CLAYTON,JB10,Jonesboro 10
CLAYTON,JB11,Jonesboro 11
CLAYTON,JB12,Jonesboro 12
CLAYTON,JB13,Jonesboro 13
CLAYTON,JB14,Jonesboro 14
CLAYTON,JB15,Jonesboro 15
CLAYTON,JB16,Jonesboro 16
CLAYTON,JB17,Jonesboro 17
CLAYTON,JB18,Jonesboro 18
CLAYTON,JB19,Jonesboro 19
CLAYTON,LC1,Lake City
CLAYTON,LJ1,Lovejoy 1
CLAYTON,LJ2,Lovejoy 2
CLAYTON,LJ3,Lovejoy 3
CLAYTON,LJ4,Lovejoy 4
CLAYTON,LJ5,Lovejoy 5
CLAYTON,LJ6,Lovejoy 6
CLAYTON,LJ7,Lovejoy 7
CLAYTON,MO1,Morrow 1
CLAYTON,MO10,Morrow 10
CLAYTON,MO11,Morrow 11
CLAYTON,MO2,Morrow 2
CLAYTON,MO3,Morrow 3
CLAYTON,MO4,Morrow 4
CLAYTON,MO5,Morrow 5
CLAYTON,MO6,Morrow 6
CLAYTON,MO7,Morrow 7
CLAYTON,MO8,Morrow 8
CLAYTON,MO9,Morrow 9
CLAYTON,OAK1,Oak 1
CLAYTON,OAK2,Oak 2
CLAYTON,OAK3,Oak 3
CLAYTON,OAK4,Oak 4
CLAYTON,OAK5,Oak 5
CLAYTON,PH1,Panhandle 1
CLAYTON,PH2,Panhandle 2
CLAYTON,RD01,Riverdale 1
CLAYTON,RD02,Riverdale 2
CLAYTON,RD03,Riverdale 3
CLAYTON,RD04,Riverdale 4
CLAYTON,RD05,Riverdale 5
CLAYTON,RD06,Riverdale 6
CLAYTON,RD07,Riverdale 7
CLAYTON,RD08,Riverdale 8
CLAYTON,RD09,Riverdale 9
CLAYTON,RD10,Riverdale 10
CLAYTON,RD11,Riverdale 11
CLAYTON,RD12,Riverdale 12
CLINCH,AB,Arabia
CLINCH,AG,Argyle
CLINCH,D,Dupont
CLINCH,F,Fargo
CLINCH,H,Homerville
COBB,AC1A,Acworth 1A
COBB,AC1B,Acworth 1B
COBB,AC1C,Acworth 1C
COBB,AD01,Addison 01
COBB,AU1A,Austell 1A
COBB,BF02,Bells Ferry 02
COBB,BF03,Bells Ferry 03
COBB,BF04,Bells Ferry 04
COBB,BG01,Big Shanty 01
COBB,BG02,Big Shanty 02
COBB,BK01,Baker 01
COBB,BR01,Birney 01
COBB,BR02,Birney 02
COBB,BT01,Bryant 01
COBB,BT02,Bryant 02
COBB,BW01,Blackwell 01
COBB,CA01,Chattahoochee 01
COBB,CH02,Cheatham Hill 02
COBB,CH03,Cheatham Hill 03
COBB,CK01,Chalker 01
COBB,CL01,Clarkdale 01
COBB,CL02,Clarkdale 02
COBB,CO01,Cooper 01
COBB,CR01,Chestnut Ridge 01
COBB,DC01,Dickerson 01
COBB,DI01,Dobbins 01
COBB,DI02,Dobbins 02
COBB,DL01,Dowell 01
COBB,DO01,Dodgen 01
COBB,DU01,Durham 01
COBB,DV01,Davis 01
COBB,EA01,Eastside 01
COBB,EA02,Eastside 02
COBB,EL01,Elizabeth 01
COBB,EL02,Elizabeth 02
COBB,EL03,Elizabeth 03
COBB,EL04,Elizabeth 04
COBB,EL05,Elizabeth 05
COBB,EP01,East Piedmont 01
COBB,FO02,Fair Oaks 02
COBB,FO04,Fair Oaks 04
COBB,FP01,Fullers Park 01
COBB,FR01,Ford 01
COBB,FY01,Frey 01
COBB,GM01,Garrison Mill 01
COBB,GT01,Gritters 01
COBB,HL01,Harmony-Leland 01
COBB,HR01,Harrison 01
COBB,HT01,Hightower 01
COBB,HY01,Hayes 01
COBB,KE1A,Kennesaw 1A
COBB,KE2A,Kennesaw 2A
COBB,KE3A,Kennesaw 3A
COBB,KE4A,Kennesaw 4A
COBB,KE5A,Kennesaw 5A
COBB,KL01,Kell 01
COBB,KP01,Kemp 01
COBB,KP02,Kemp 02
COBB,KP03,Kemp 03
COBB,LA01,Lassiter 01
COBB,LI01,Lindley 01
COBB,LM01,Lost Mountain 01
COBB,LM02,Lost Mountain 02
COBB,LM03,Lost Mountain 03
COBB,LM04,Lost Mountain 04
COBB,MA01,Mableton 01
COBB,MA02,Mableton 02
COBB,MA03,Mableton 03
COBB,MA04,Mableton 04
COBB,MB01,Mabry 01
COBB,MC01,Macland 01
COBB,MD01,Murdock 01
COBB,ME01,McEachern 01
COBB,MK01,McCleskey 01
COBB,ML01,McClure 01
COBB,MR1A,Marietta 1A
COBB,MR2A,Marietta 2A
COBB,MR2B,Marietta 2B
COBB,MR3A,Marietta 3A
COBB,MR3B,Marietta 3B
COBB,MR4A,Marietta 4A
COBB,MR4B,Marietta 4B
COBB,MR4C,Marietta 4C
COBB,MR5A,Marietta 5A
COBB,MR5B,Marietta 5B
COBB,MR6A,Marietta 6A
COBB,MR6B,Marietta 6B
COBB,MR7A,Marietta 7A
COBB,MS01,Mars Hill 01
COBB,MS02,Mars Hill 02
COBB,MT01,Mt Bethel 01
COBB,MT03,Mt Bethel 03
COBB,MT04,Mt Bethel 04
COBB,NC01,North Cobb 01
COBB,NJ01,Nickajack 01
COBB,NP01,Norton Park 01
COBB,NS01,Nicholson 01
COBB,OK01,Oakdale 01
COBB,OR01,Oregon 01
COBB,OR02,Oregon 02
COBB,OR03,Oregon 03
COBB,OR04,Oregon 04
COBB,OR05,Oregon 05
COBB,PE01,Pebblebrook 01
COBB,PF01,Powers Ferry 01
COBB,PM01,Pine Mountain 01
COBB,PM02,Pine Mountain 02
COBB,PO01,Post Oak 01
COBB,PP01,Pope 01
COBB,PR01,Palmer 01
COBB,PS1A,Powders Springs 1A
COBB,PS2A,Powders Springs 2A
COBB,PS3A,Powders Springs 3A
COBB,PT01,Pitner 01
COBB,RM01,Rocky Mount 01
COBB,RS01,Riverside 01
COBB,RW01,Roswell 01
COBB,RW02,Roswell 02
COBB,SA01,Sandy Plains 01
COBB,SF01,Shallowford Falls 01
COBB,SI01,Simpson 01
COBB,SM01,Sewell Mill 01
COBB,SM03,Sewell Mill 03
COBB,SN1A,Smyrna 1A
COBB,SN2A,Smyrna 2A
COBB,SN3A,Smyrna 3A
COBB,SN3B,Smyrna 3B
COBB,SN4A,Smyrna 4A
COBB,SN5A,Smyrna 5A
COBB,SN6A,Smyrna 6A
COBB,SN7A,Smyrna 7A
COBB,SO01,Sope Creek 01
COBB,SO02,Sope Creek 02
COBB,SO03,Sope Creek 03
COBB,SW01,Sweetwater 01
COBB,SW02,Sweetwater 02
COBB,TM01,Terrell Mill 01
COBB,TR01,Timber Ridge 01
COBB,VA01,Vaughan 01
COBB,VG01,Vinings 01
COBB,VG02,Vinings 02
COBB,VG03,Vinings 03
COBB,VG04,Vinings 04
COBB,WG02,Wade Green 02
COBB,WL01,Willeo 01
COFFEE,1,Douglas
COFFEE,2,Ambrose
COFFEE,3,Bridgetown
COFFEE,4,Broxton
COFFEE,5,Nicholls
COFFEE,6,West Green
COLQUITT,0001,Shaw
COLQUITT,0002,Moultrie
COLQUITT,0007,Autreyville
COLQUITT,0008,Bridgecreek
COLQUITT,0009,Crosland
COLQUITT,0010,Doerun
COLQUITT,0011,Funston
COLQUITT,0012,Hamilton
COLQUITT,0013,Hartsfield
COLQUITT,0014,Hopewell
COLQUITT,0015,Lee
COLQUITT,0016,Millcreek
COLQUITT,0017,Monk
COLQUITT,0018,Murphy
COLQUITT,0019,Norman Park
COLQUITT,0020,Robinson
COLQUITT,0021,Thigpen
COLQUITT,0022,Tyty
COLQUITT,0023,Warrior
COLUMBIA,010,Kiokee Baptist Church
COLUMBIA,015,Lewis Methodist Church
COLUMBIA,016,Woodlawn Baptist Church
COLUMBIA,017,Patriots Park
COLUMBIA,018,New Life Church
COLUMBIA,020,Harlem Branch Library
COLUMBIA,022,Harlem Senior Center
COLUMBIA,024,Second Mt Moriah Baptist Church
COLUMBIA,025,Bessie Thomas Center
COLUMBIA,026,Philadelphia Church
COLUMBIA,030,Liberty Park-Grovetown
COLUMBIA,031,Grovetown Methodist Church
COLUMBIA,032,G A Apostolic Church
COLUMBIA,033,Grovetown Public Safety Station 2
COLUMBIA,034,Grove First Baptist Church
COLUMBIA,040,Eubank-Blanchard Center
COLUMBIA,050,Second Mt Carmel Baptist Church
COLUMBIA,051,Damascus Baptist Church
COLUMBIA,060,Col Cty Bd of Edu
COLUMBIA,061,Greenbrier High
COLUMBIA,062,Parkway Baptist Church
COLUMBIA,063,Riverview Church
COLUMBIA,064,Grace Baptist Church
COLUMBIA,065,Christ Sanctified
COLUMBIA,070,Blanchard Park
COLUMBIA,075,Belair Baptist Church
COLUMBIA,076,Marvin Methodist
COLUMBIA,080,Westside Baptist Church
COLUMBIA,085,Trinity Baptist Church
COLUMBIA,090,Abilene Baptist
COLUMBIA,100,Augusta Christian
COLUMBIA,105,Savannah Rapids Pavilion
COLUMBIA,107,Gospel Water Branch
COLUMBIA,108,Genesis Church
COLUMBIA,109,Stevens Creek Church
COLUMBIA,110,Mtz Col Fire Hdqtr
COLUMBIA,111,Lakeside Middle
COLUMBIA,115,Martinez Baptist
COLUMBIA,120,Gold Cross EMS
COLUMBIA,125,Church of Our Savior
COLUMBIA,130,West Acres Baptist
COLUMBIA,131,Journey Comm Church
COLUMBIA,132,Wesley Methodist
COLUMBIA,134,Col Cty Main Library
COLUMBIA,135,Christ Church Presbyterian
COLUMBIA,136,Blue Ridge Elementary
COLUMBIA,137,Christ The King Luth Church
COOK,C,Cecil
COOK,DB,Delle Beamguard
COOK,EP,Elm Pine
COOK,L,Lenox
COOK,M,Massee
COOK,NL,New Life Baptist Church
COOK,RB,Riverbend
COOK,S,Sparks
COWETA,01,Senoia
COWETA,02,Moreland
COWETA,03,Pine Road
COWETA,04,Dresden
COWETA,05,Newnan
COWETA,06,Sharpsburg
COWETA,07,Fischer Road
COWETA,08,Cedar Creek
COWETA,09,Grantville
COWETA,10,Haralson
COWETA,11,Welcome
COWETA,12,Panther Creek
COWETA,13,Raymond
COWETA,14,Turin
COWETA,15,Smokey Road
COWETA,17,Central
COWETA,18,Newnan Centre
COWETA,19,Greentop
COWETA,20,Expo Center
COWETA,21,White Oak
COWETA,22,Madras
COWETA,23,Cannongate
COWETA,24,Westside
COWETA,25,Northside
COWETA,26,Thomas Crossroads
COWETA,27,Coweta Central Library
CRAWFORD,1A,District 1A
CRAWFORD,1B,District 1B
CRAWFORD,2,District 2
CRAWFORD,3,District 3
CRAWFORD,4,District 4
CRAWFORD,5,District 5
CRISP,ARABI,Arabi
CRISP,CONEY,Coney
CRISP,CORDE,Cordele
CRISP,JAMES,Jamestown
CRISP,LISTO,Listonia
DADE,1038,South Dade
DADE,1214,New Salem
DADE,1222,Davis
DADE,1885,New Home
DADE,1889,West Brow
DADE,960,Trenton
DADE,974,North Dade
DAWSON,01,West
DAWSON,02,Central
DAWSON,03,East
DECATUR,1277,Mt Pleasant
DECATUR,1325,Recovery
DECATUR,1342,Kendrick
DECATUR,1361,Climax
DECATUR,1613,Brinson
DECATUR,1805,West Bainbridge
DECATUR,513,Bainbridge-Coliseum
DECATUR,514,BDGE-Fairgrounds
DECATUR,694,Attapulgus
DEKALB,AA,Allgood Elem
DEKALB,AB,Ashford Park Elem
DEKALB,AD,Austin
DEKALB,AE,Avondale
DEKALB,AF,Austin Drive
DEKALB,AG,Ashford Dunwoody Rd
DEKALB,AH,Ashford Parkside
DEKALB,AI,Avondale High
DEKALB,BB,Boulevard
DEKALB,BC,Briar Vista Elem
DEKALB,BD,Briarlake Elem
DEKALB,BE,Briarwood
DEKALB,BF,Clairmont Road
DEKALB,BG,Briarcliff
DEKALB,BH,Brockett
DEKALB,BI,Brookhaven
DEKALB,BJ,Browns Mill Elem
DEKALB,BL,Bouldercrest Road
DEKALB,BM,Bethune Middle
DEKALB,BR,Burgess Elem
DEKALB,CA,Columbia Drive
DEKALB,CB,Canby Lane Elem
DEKALB,CC,Columbia Elem
DEKALB,CD,Cedar Grove Elem
DEKALB,CE,Chamblee
DEKALB,CF,McNair High
DEKALB,CG,Chapel Hill Elem
DEKALB,CH,Chesnut Elem
DEKALB,CI,Clairemont West
DEKALB,CJ,Brockett Elem
DEKALB,CK,Clarkston
DEKALB,CL,Clifton
DEKALB,CM,Columbia Middle
DEKALB,CN,Coan Recreation Center
DEKALB,CO,Cross Keys High
DEKALB,CP,Crossroads
DEKALB,CQ,Candler
DEKALB,CR,Cedar Grove Middle
DEKALB,CS,Cedar Grove South
DEKALB,CT,Covington Hwy
DEKALB,CU,Covington
DEKALB,CV,Clairemont East
DEKALB,CW,Coralwood
DEKALB,CX,Candler Park
DEKALB,CY,Clarkston Community Center
DEKALB,CZ,Chamblee 2
DEKALB,DA,Doraville North
DEKALB,DB,Doraville South
DEKALB,DC,Dresden Elem
DEKALB,DD,Decatur
DEKALB,DE,Dunaire Elem
DEKALB,DF,Dunwoody
DEKALB,DG,Dunwoody 2
DEKALB,DH,Druid Hills High
DEKALB,DI,Dunwoody Library
DEKALB,EA,East Lake
DEKALB,EC,Embry Hills
DEKALB,EF,Evansdale Elem
DEKALB,EG,Emory South
DEKALB,ER,Emory Road
DEKALB,FA,Fairington Elem
DEKALB,FB,Fernbank Elem
DEKALB,FC,Flat Shoals Elem
DEKALB,FE,Flat Shoals Parkway
DEKALB,FG,Flat Rock Elem
DEKALB,FJ,Flat Shoals
DEKALB,FK,Flakes Mill Fire Station
DEKALB,FL,Flat Shoals Library
DEKALB,FM,Freedom Middle
DEKALB,GA,Glennwood
DEKALB,GB,Glenhaven
DEKALB,GC,Gresham Road
DEKALB,GD,Georgetown Sq
DEKALB,GF,Glenwood Road
DEKALB,HA,Hambrick Elem
DEKALB,HB,Hawthorne Elem
DEKALB,HC,Henderson Mill
DEKALB,HF,Huntley Hills Elem
DEKALB,HG,Hugh Howell
DEKALB,HH,Harris-Narvie J Harris Elem
DEKALB,HI,Harris-Margaret Harris ED
DEKALB,IA,Idlewood Elem
DEKALB,IB,Indian Creek
DEKALB,JA,Johnson Estates
DEKALB,JB,Jolly Elem
DEKALB,KA,Kelley Lake Elem
DEKALB,KB,Kingsley Elem
DEKALB,KC,Kelley Chapel Road
DEKALB,KE,Knollwood
DEKALB,KG,Kittredge Elem
DEKALB,LA,Lakeside High
DEKALB,LB,Lavista Road
DEKALB,LC,Lavista
DEKALB,LD,Lithonia
DEKALB,LE,Lin-Mary Lin Elem
DEKALB,LH,Lithonia High
DEKALB,LV,Livsey Elem
DEKALB,MA,Miller-Eldridge L Miller Elem
DEKALB,MB,Candler-Murphey Candler Elem
DEKALB,MC,Marbut Elem
DEKALB,MD,McNair
DEKALB,ME,McLendon
DEKALB,MF,McWilliams
DEKALB,MG,Medlock
DEKALB,MH,Midvale Elem
DEKALB,MI,Miller Grove
DEKALB,MJ,Montclair Elem
DEKALB,MK,Montreal
DEKALB,ML,Meadowview
DEKALB,MN,Memorial South
DEKALB,MO,Midway
DEKALB,MP,McNair Academy
DEKALB,MQ,Mount Vernon East
DEKALB,MR,Mathis-Bob Mathis Elem
DEKALB,MS,Mount Vernon West
DEKALB,MT,Metropolitan
DEKALB,MU,Montgomery Elem
DEKALB,MV,Miller Grove Road
DEKALB,MW,Midvale Road
DEKALB,MZ,Miller Grove High
DEKALB,NB,North Decatur
DEKALB,NC,North Hairston
DEKALB,ND,Northlake
DEKALB,NF,North Peachtree
DEKALB,OA,Oak Grove Elem
DEKALB,OB,Oakcliff Elem
DEKALB,OK,Oakhurst
DEKALB,OV,Oak View Elem
DEKALB,PA,Peachcrest
DEKALB,PB,Peachtree Middle
DEKALB,PC,Princeton Elem
DEKALB,PE,Pine Lake
DEKALB,PF,Pleasantdale Road
DEKALB,PG,Ponce de Leon
DEKALB,PH,Panola
DEKALB,PI,Panola Way Elem
DEKALB,PN,Piney Grove
DEKALB,PR,Panola Road
DEKALB,RA,Rainbow Elem
DEKALB,RC,Redan Elem
DEKALB,RD,Rehoboth
DEKALB,RE,Rockbridge Elem
DEKALB,RF,Rock Chapel Elem
DEKALB,RG,Rowland Elem
DEKALB,RH,Redan-Trotti Library
DEKALB,RI,Rockbridge Road
DEKALB,RJ,Rowland Road
DEKALB,RK,Redan Road
DEKALB,RL,Rock Chapel Road
DEKALB,RM,Redan Middle
DEKALB,SA,Sagamore Hills Elem
DEKALB,SB,Scott
DEKALB,SC,Shaw-Robert Shaw Elem
DEKALB,SD,Stone Mountain Elem
DEKALB,SE,Silver Lake
DEKALB,SF,Skyland
DEKALB,SG,Snapfinger Elem
DEKALB,SH,Smoke Rise
DEKALB,SI,Stone Mtn Middle
DEKALB,SJ,Stone Mill Elem
DEKALB,SK,Shadow Rock Elem
DEKALB,SL,Stoneview Elem
DEKALB,SM,Salem Middle
DEKALB,SN,Shamrock
DEKALB,SO,South Deshon
DEKALB,SP,Stone Mtn Champion
DEKALB,SQ,Stone Mtn
DEKALB,SR,Snapfinger Road N
DEKALB,SS,Snapfinger Road S
DEKALB,ST,Stephenson Middle
DEKALB,SU,South Hairston
DEKALB,SV,Stephenson High
DEKALB,SW,Stonecrest Library
DEKALB,SY,Snapfinger Road
DEKALB,TA,Terry Mill
DEKALB,TC,Toney Elem
DEKALB,TF,Tucker
DEKALB,TG,Tilly Mill Road
DEKALB,TH,Tucker Library
DEKALB,VB,Valley Brook
DEKALB,WA,Wadsworth
DEKALB,WB,Wesley Chapel Library
DEKALB,WD,Woodrow Road
DEKALB,WF,Winnona Park
DEKALB,WG,Woodridge Elem
DEKALB,WI,Warren Tech
DEKALB,WJ,Woodward
DEKALB,WK,White Oak
DEKALB,WL,Winters Chapel
DEKALB,WN,Wynbrooke Elem
DEKALB,YA,Young Road
DODGE,CHAUN,Chauncey
DODGE,CLARK,Clark
DODGE,EDDIN,Eddin
DODGE,EMPIR,Empire
DODGE,JAYBI,Jaybird
DODGE,JONES,Jones
DODGE,LEE,Lee
DODGE,MCCRA,McCranie
DODGE,MILAN,Milan
DODGE,MITCH,Mitchell
DODGE,MULLI,Mullis
DODGE,PLAIN,Plainfield
DODGE,PONDT,Pondtown
DODGE,RAWLI,Rawlins
DODGE,VILUL,Vilula
DODGE,YONKE,Yonker
DOOLY,10,Lilly
DOOLY,2,Byromville
DOOLY,5,Unadilla
DOOLY,7,Vienna
DOOLY,8,Pinehurst
DOUGHERTY,01,Palmyra Methodist
DOUGHERTY,02,Sherwood Elementary
DOUGHERTY,03,Covenant Church
DOUGHERTY,04,Greenbriar Church
DOUGHERTY,05,Westover High School
DOUGHERTY,06,Merry Acres Middle
DOUGHERTY,07,Darton College
DOUGHERTY,08,Westtown Elementary
DOUGHERTY,09,2nd Mt Zion Church
DOUGHERTY,10,Mt Zion Center
DOUGHERTY,11,Alice Coachman Elementary
DOUGHERTY,12,Carver Teen Center
DOUGHERTY,13,Shiloh Baptist Church
DOUGHERTY,14,Litman Cathedral
DOUGHERTY,15,Phoebe Healthworks
DOUGHERTY,16,Turner Elementary
DOUGHERTY,17,Jackson Heights Elementary
DOUGHERTY,18,Bill Miller Center
DOUGHERTY,19,Radium Middle School
DOUGHERTY,20,Putney 1st Baptist Church
DOUGHERTY,21,International Studies
DOUGHERTY,22,Phoebe East
DOUGHERTY,23,Pine Bluff Baptist Church
DOUGHERTY,24,Albany Middle School
DOUGHERTY,25,Christ Church
DOUGHERTY,26,Lamar Reese Elementary
DOUGHERTY,27,1st Christian Church
DOUGHERTY,28,Lovett Hall
DOUGLAS,1258,Mirror Lake Elementary
DOUGLAS,1259,Winston
DOUGLAS,1260,Dog River Library
DOUGLAS,1270,Atlanta West Pentecostal
DOUGLAS,1271,Ephesus Baptist Church
DOUGLAS,1272,Prays Mill Gym
DOUGLAS,1273,Turner
DOUGLAS,1274,First Baptist Lithia Springs
DOUGLAS,1275,Lithia Springs High School
DOUGLAS,1276,Deer Lick
DOUGLAS,729,Golden Methodist Church
DOUGLAS,730,Old Courthouse
DOUGLAS,731,Beulah Baptist Church
DOUGLAS,732,Stewart
DOUGLAS,733,Arbor Station
DOUGLAS,734,Bright Star
DOUGLAS,735,Dorsett Shoals
DOUGLAS,736N,Chapel Hill
DOUGLAS,736S,Church At Chapel Hill
DOUGLAS,737,Chestnut Log
DOUGLAS,738,St Julians Episcopal
DOUGLAS,739,Lutheran Church-GS
DOUGLAS,740,First Baptist Douglasville
DOUGLAS,784,Factory Shoals
DOUGLAS,785,Boundary Waters
EARLY,A,Arlington
EARLY,B,Blakely
EARLY,CS,Cedar Springs
EARLY,CUBA,Cuba
EARLY,U,Urquhart
ECHOLS,1058,Statenville
EFFINGHAM,1A,1A
EFFINGHAM,1B,1B
EFFINGHAM,1C,1C
EFFINGHAM,1D,1D
EFFINGHAM,2A,2A
EFFINGHAM,2B,2B
EFFINGHAM,2C,2C
EFFINGHAM,3A,3A
EFFINGHAM,3B,3B
EFFINGHAM,3C,3C
EFFINGHAM,3D,3D
EFFINGHAM,4A,4A
EFFINGHAM,4B,4B
EFFINGHAM,4C,4C
EFFINGHAM,5A,5A
EFFINGHAM,5B,5B
EFFINGHAM,5C,5C
ELBERT,189,Elberton
ELBERT,190,Longstreet
ELBERT,191,Eliam
ELBERT,192,Petersburg
ELBERT,193,Wyche
ELBERT,196,Moss-Ruckersville
ELBERT,197,Pike
ELBERT,199,Gaines
ELBERT,201,Goshen
ELBERT,202,Webbsboro
ELBERT,315,Centerville
EMANUEL,0050,Oak Park
EMANUEL,0052,Cross-Green
EMANUEL,0053,Swainsboro
EMANUEL,0057,Summertown
EMANUEL,0058,Stillmore
EMANUEL,1208,Blundale
EMANUEL,1333,Canoochee
EMANUEL,1429,Garfield
EMANUEL,1502,Nunez
EMANUEL,1560,Twin City
EMANUEL,1748,Adrian
EVANS,11,Veterans Community Center
FANNIN,COLW,Colwell
FANNIN,FAIR,Fairplay
FANNIN,FLIN,Flinthill
FANNIN,HEMP,Hemptown
FANNIN,HOTH,Hothouse
FANNIN,MINE,Mineral Bluff
FANNIN,MOBI,Mobile
FANNIN,MORG,Morganton
FANNIN,NOON,Noontootla
FANNIN,SKEN,Skeniah
FANNIN,SUGC,Sugar Creek
FANNIN,TOCC,Toccoa
FAYETTE,01,Blackrock
FAYETTE,02,Brooks
FAYETTE,03,Europe
FAYETTE,04,Fayetteville East
FAYETTE,05,Fayetteville West
FAYETTE,06,Flint
FAYETTE,07,Hopeful
FAYETTE,08,Morning Creek
FAYETTE,09,Rareover
FAYETTE,10,Sandy Creek
FAYETTE,11,Shakerag East
FAYETTE,12,Shakerag West
FAYETTE,13,Starrsmill
FAYETTE,14,Whitewater
FAYETTE,15,Woolsey
FAYETTE,16,McIntosh
FAYETTE,17,Oak Grove
FAYETTE,18,Kedron
FAYETTE,19,Aberdeen
FAYETTE,20,Windgate
FAYETTE,21,Flat Creek
FAYETTE,22,Braelinn
FAYETTE,23,Kenwood
FAYETTE,24,Banks
FAYETTE,25,Harps Crossing
FAYETTE,26,Willow Pond
FAYETTE,27,Dogwood
FAYETTE,28,Oak Ridge
FAYETTE,29,Jeff Davis
FAYETTE,30,Murphy
FAYETTE,31,Fielding Ridge
FAYETTE,32,Willowbend
FAYETTE,33,Camp Creek
FAYETTE,34,Rising Star
FAYETTE,35,Spring Hill
FAYETTE,36,Antioch
FLOYD,001,Alto Park
FLOYD,010,Armuchee
FLOYD,015,Barkers
FLOYD,020,Cave Spring
FLOYD,025,Chulio
FLOYD,030,Etowah
FLOYD,035,Everett Springs
FLOYD,040,Floyd Springs
FLOYD,045,Fosters Mill
FLOYD,050,Garden Lakes
FLOYD,055,Glenwood
FLOYD,060,Howell
FLOYD,065,East Lindale
FLOYD,075,Mt Alto North
FLOYD,076,Mt Alto South
FLOYD,080,North Carolina
FLOYD,085,Riverside
FLOYD,090,East Rome
FLOYD,105,North Rome
FLOYD,110,South Rome
FLOYD,115,Texas Valley
FLOYD,125,Vanns Valley
FLOYD,130,Watters
FLOYD,135,West Lindale
FLOYD,140,Town Rome
FORSYTH,01,01 Big Creek
FORSYTH,02,02 Brandywine
FORSYTH,03,03 Browns Bridge
FORSYTH,04,04 Chestatee
FORSYTH,05,05 Coal Mountain
FORSYTH,06,06 Crossroads
FORSYTH,07,07 Cumming
FORSYTH,08,08 Mashburn
FORSYTH,10,10 Midway
FORSYTH,15,15 Heardsville
FORSYTH,16,16 Otwell
FORSYTH,19,19 Old Atlanta
FORSYTH,21,21 South Forsyth
FORSYTH,25,25 Windermere
FORSYTH,27,27 Concord
FORSYTH,29,29 Polo
FORSYTH,34,34 Fowler
FORSYTH,35,35 Johns Creek
FORSYTH,36,36 Nichols
FORSYTH,37,37 Sawnee
FRANKLIN,1,Carnesville
FRANKLIN,2,West Franklin
FRANKLIN,3,Northeast Franklin
FRANKLIN,4,Lavonia
FRANKLIN,5,Canon
FRANKLIN,6,Royston
FRANKLIN,7,Southwest Franklin
FULTON,01A,01A
FULTON,01B,01B
FULTON,01C,01C
FULTON,01D,01D
FULTON,01E,01E
FULTON,01F,01F
FULTON,01G,01G
FULTON,01H,01H
FULTON,01J,01J
FULTON,01P,01P
FULTON,01R,01R
FULTON,01S,01S
FULTON,01T,01T
FULTON,02A,02A
FULTON,02A1,02A1
FULTON,02B,02B
FULTON,02C,02C
FULTON,02D,02D
FULTON,02E,02E
FULTON,02F1,02F1
FULTON,02F2,02F2
FULTON,02G,02G
FULTON,02J,02J
FULTON,02K,02K
FULTON,02L1,02L1
FULTON,02L1A,02L1A
FULTON,02L2,02L2
FULTON,02S,02S
FULTON,02W,02W
FULTON,03A,03A
FULTON,03B,03B
FULTON,03C,03C
FULTON,03D,03D
FULTON,03E,03E
FULTON,03F,03F
FULTON,03G,03G
FULTON,03H,03H
FULTON,03I,03I
FULTON,03L,03L
FULTON,03M,03M
FULTON,03N,03N
FULTON,03P1A,03P1A
FULTON,03P2,03P2
FULTON,03S,03S
FULTON,03T,03T
FULTON,04A,04A
FULTON,04B,04B
FULTON,04C,04C
FULTON,04D,04D
FULTON,04F,04F
FULTON,04G,04G
FULTON,04I,04I
FULTON,04J,04J
FULTON,04K,04K
FULTON,04L,04L
FULTON,04M,04M
FULTON,04S,04S
FULTON,04T,04T
FULTON,04V,04V
FULTON,04W,04W
FULTON,04X1,04X1
FULTON,04X2,04X2
FULTON,05A1,05A1
FULTON,05A2,05A2
FULTON,05B,05B
FULTON,05C,05C
FULTON,05D,05D
FULTON,05F,05F
FULTON,05J,05J
FULTON,05K,05K
FULTON,06B,06B
FULTON,06D,06D
FULTON,06D1,06D1
FULTON,06D2,06D2
FULTON,06E,06E
FULTON,06F,06F
FULTON,06G,06G
FULTON,06I,06I
FULTON,06J,06J
FULTON,06L1,06L1
FULTON,06L2,06L2
FULTON,06N,06N
FULTON,06Q,06Q
FULTON,06R,06R
FULTON,07A,07A
FULTON,07B,07B
FULTON,07C,07C
FULTON,07D,07D
FULTON,07E,07E
FULTON,07F,07F
FULTON,07H,07H
FULTON,07J,07J
FULTON,07M,07M
FULTON,07N,07N
FULTON,08A,08A
FULTON,08B,08B
FULTON,08C,08C
FULTON,08D,08D
FULTON,08E,08E
FULTON,08F1,08F1
FULTON,08G,08G
FULTON,08H,08H
FULTON,08J,08J
FULTON,08K,08K
FULTON,08L,08L
FULTON,08M,08M
FULTON,08N1,08N1
FULTON,08N2,08N2
FULTON,08P,08P
FULTON,09A,09A
FULTON,09B,09B
FULTON,09C,09C
FULTON,09D,09D
FULTON,09E,09E
FULTON,09F,09F
FULTON,09G,09G
FULTON,09H,09H
FULTON,09I,09I
FULTON,09K,09K
FULTON,09K1,09K1
FULTON,09M,09M
FULTON,10A,10A
FULTON,10B,10B
FULTON,10C,10C
FULTON,10D,10D
FULTON,10E,10E
FULTON,10F,10F
FULTON,10G,10G
FULTON,10H1,10H1
FULTON,10H2,10H2
FULTON,10I,10I
FULTON,10J,10J
FULTON,10K,10K
FULTON,10M,10M
FULTON,10P,10P
FULTON,10R,10R
FULTON,11B,11B
FULTON,11B1,11B1
FULTON,11C,11C
FULTON,11E1,11E1
FULTON,11E2,11E2
FULTON,11E3,11E3
FULTON,11G,11G
FULTON,11H,11H
FULTON,11J,11J
FULTON,11K,11K
FULTON,11M,11M
FULTON,11M1,11M1
FULTON,11N,11N
FULTON,11P,11P
FULTON,11R,11R
FULTON,12A,12A
FULTON,12A1,12A1
FULTON,12D,12D
FULTON,12E1,12E1
FULTON,12F,12F
FULTON,12G,12G
FULTON,12H1,12H1
FULTON,12H2,12H2
FULTON,12I,12I
FULTON,12J,12J
FULTON,12K,12K
FULTON,12L,12L
FULTON,12M,12M
FULTON,12N,12N
FULTON,12S,12S
FULTON,AP01A,AP01A
FULTON,AP01B,AP01B
FULTON,AP01C,AP01C
FULTON,AP01D,AP01D
FULTON,AP021,AP021
FULTON,AP022,AP022
FULTON,AP02B,AP02B
FULTON,AP03,AP03
FULTON,AP04A,AP04A
FULTON,AP04B,AP04B
FULTON,AP05,AP05
FULTON,AP06,AP06
FULTON,AP07A,AP07A
FULTON,AP07B,AP07B
FULTON,AP09A,AP09A
FULTON,AP09B,AP09B
FULTON,AP10,AP10
FULTON,AP12A,AP12A
FULTON,AP12B,AP12B
FULTON,AP12C,AP12C
FULTON,AP14,AP14
FULTON,CH01,CH01
FULTON,CH02,CH02
FULTON,CH03,CH03
FULTON,CH04A,CH04A
FULTON,CH05,CH05
FULTON,CP011,CP011
FULTON,CP012,CP012
FULTON,CP01B,CP01B
FULTON,CP02,CP02
FULTON,CP04A,CP04A
FULTON,CP04B,CP04B
FULTON,CP051,CP051
FULTON,CP05B,CP05B
FULTON,CP06A,CP06A
FULTON,CP07B,CP07B
FULTON,CP07C,CP07C
FULTON,CP07D,CP07D
FULTON,CP07E,CP07E
FULTON,CP07F,CP07F
FULTON,CP081,CP081
FULTON,CP083,CP083
FULTON,CP08A,CP08A
FULTON,EP01A,EP01A
FULTON,EP01B,EP01B
FULTON,EP02A,EP02A
FULTON,EP02B,EP02B
FULTON,EP02C,EP02C
FULTON,EP02D,EP02D
FULTON,EP02E,EP02E
FULTON,EP03A,EP03A
FULTON,EP03B,EP03B
FULTON,EP04A,EP04A
FULTON,EP04B,EP04B
FULTON,EP04C,EP04C
FULTON,FA01A,FA01A
FULTON,FA01B,FA01B
FULTON,FA01C,FA01C
FULTON,FA01D,FA01D
FULTON,FC01,FC01
FULTON,FC02,FC02
FULTON,FC03,FC03
FULTON,HP01,HP01
FULTON,JC01,JC01
FULTON,JC01A,JC01A
FULTON,JC02,JC02
FULTON,JC03A,JC03A
FULTON,JC03B,JC03B
FULTON,JC04A,JC04A
FULTON,JC04B,JC04B
FULTON,JC04C,JC04C
FULTON,JC05,JC05
FULTON,JC06,JC06
FULTON,JC07,JC07
FULTON,JC08,JC08
FULTON,JC09,JC09
FULTON,JC10,JC10
FULTON,JC11,JC11
FULTON,JC12,JC12
FULTON,JC13A,JC13A
FULTON,JC13B,JC13B
FULTON,JC14,JC14
FULTON,JC15,JC15
FULTON,JC16,JC16
FULTON,JC18,JC18
FULTON,JC19,JC19
FULTON,ML01A,ML01A
FULTON,ML01B,ML01B
FULTON,ML02A,ML02A
FULTON,ML02B,ML02B
FULTON,ML03,ML03
FULTON,ML03A,ML03A
FULTON,ML04,ML04
FULTON,ML05,ML05
FULTON,ML06A,ML06A
FULTON,ML06B,ML06B
FULTON,ML07A,ML07A
FULTON,ML07B,ML07B
FULTON,MP01,MP01
FULTON,PA01,PA01
FULTON,RW01,RW01
FULTON,RW02,RW02
FULTON,RW03,RW03
FULTON,RW04,RW04
FULTON,RW05,RW05
FULTON,RW06,RW06
FULTON,RW07A,RW07A
FULTON,RW07B,RW07B
FULTON,RW08,RW08
FULTON,RW09,RW09
FULTON,RW09A,RW09A
FULTON,RW10,RW10
FULTON,RW11A,RW11A
FULTON,RW12,RW12
FULTON,RW12A,RW12A
FULTON,RW13,RW13
FULTON,RW16,RW16
FULTON,RW17,RW17
FULTON,RW19,RW19
FULTON,RW20,RW20
FULTON,RW21,RW21
FULTON,RW22A,RW22A
FULTON,SC01A,SC01A
FULTON,SC01B,SC01B
FULTON,SC01C,SC01C
FULTON,SC02,SC02
FULTON,SC04,SC04
FULTON,SC05A,SC05A
FULTON,SC05B,SC05B
FULTON,SC05D,SC05D
FULTON,SC05E,SC05E
FULTON,SC07A,SC07A
FULTON,SC07C,SC07C
FULTON,SC07D,SC07D
FULTON,SC08B,SC08B
FULTON,SC08C,SC08C
FULTON,SC08D,SC08D
FULTON,SC08E,SC08E
FULTON,SC08F,SC08F
FULTON,SC08G,SC08G
FULTON,SC09A,SC09A
FULTON,SC09B,SC09B
FULTON,SC09C,SC09C
FULTON,SC10,SC10
FULTON,SC11A,SC11A
FULTON,SC11B,SC11B
FULTON,SC13,SC13
FULTON,SC14A,SC14A
FULTON,SC15,SC15
FULTON,SC15A,SC15A
FULTON,SC16A,SC16A
FULTON,SC17A,SC17A
FULTON,SC17B,SC17B
FULTON,SC17C,SC17C
FULTON,SC18A,SC18A
FULTON,SC18B,SC18B
FULTON,SC18C,SC18C
FULTON,SC19A,SC19A
FULTON,SC19B,SC19B
FULTON,SC20,SC20
FULTON,SC211,SC211
FULTON,SC212,SC212
FULTON,SC23A,SC23A
FULTON,SC23B,SC23B
FULTON,SC23C,SC23C
FULTON,SC27,SC27
FULTON,SC29A,SC29A
FULTON,SC30A,SC30A
FULTON,SC30B,SC30B
FULTON,SS01,SS01
FULTON,SS02A,SS02A
FULTON,SS02B,SS02B
FULTON,SS03,SS03
FULTON,SS04,SS04
FULTON,SS05,SS05
FULTON,SS06,SS06
FULTON,SS07A,SS07A
FULTON,SS07B,SS07B
FULTON,SS07C,SS07C
FULTON,SS08A,SS08A
FULTON,SS08B,SS08B
FULTON,SS08C,SS08C
FULTON,SS08D,SS08D
FULTON,SS09A,SS09A
FULTON,SS09B,SS09B
FULTON,SS11A,SS11A
FULTON,SS11B,SS11B
FULTON,SS11C,SS11C
FULTON,SS11D,SS11D
FULTON,SS12,SS12
FULTON,SS13A,SS13A
FULTON,SS13B,SS13B
FULTON,SS14,SS14
FULTON,SS15A,SS15A
FULTON,SS15B,SS15B
FULTON,SS16,SS16
FULTON,SS17,SS17
FULTON,SS18A,SS18A
FULTON,SS18B,SS18B
FULTON,SS19A,SS19A
FULTON,SS19B,SS19B
FULTON,SS20,SS20
FULTON,SS22,SS22
FULTON,SS26,SS26
FULTON,SS29A,SS29A
FULTON,SS31,SS31
FULTON,UC01A,UC01A
FULTON,UC01B,UC01B
FULTON,UC01E,UC01E
FULTON,UC02A,UC02A
FULTON,UC02B,UC02B
FULTON,UC02C,UC02C
FULTON,UC031,UC031
FULTON,UC032,UC032
GILMER,01,Ellijay South
GILMER,02,Cartecay
GILMER,03,Tails Creek
GILMER,04,Town Creek
GILMER,05,Leaches
GILMER,06,Cherry Log
GILMER,07,Boardtown
GILMER,08,Mountaintown
GILMER,09,East Ellijay
GILMER,10,Ellijay North
GILMER,11,Yukon
GILMER,12,Big Creek
GILMER,13,Ellijay Northeast
GLASCOCK,EDGH,Edgehill
GLASCOCK,GIBS,Gibson
GLASCOCK,MILL,Mill
GLASCOCK,MITC,Mitchell
GLYNN,1713,Sterling Elementary
GLYNN,1923,Brookman
GLYNN,1933,Satilla Marshes
GLYNN,1943,Blythe Island Baptist
GLYNN,2713,Christian Renewal
GLYNN,2923,Hampton River
GLYNN,2933,St William Catholic Church
GLYNN,2943,First Baptist
GLYNN,2953,Jekyll Island
GLYNN,3713,Sterling Church of God
GLYNN,3723,SE Baptist Bldg
GLYNN,3733,Career Academy
GLYNN,3743,C B Greer School
GLYNN,4913,Ballard
GLYNN,4923,Northside Baptist
GLYNN,4933,The Chapel
GLYNN,5913,College Place UMC
GLYNN,5923,Howard Coffin Park
GLYNN,5933,Urbana-Perry Parks
GLYNN,5943,Selden Park
GORDON,1054,Sugar Valley
GORDON,1055,Plainville
GORDON,1056,Sonoraville
GORDON,1063,Pine Chapel
GORDON,1064,Oostanaula
GORDON,1235,Oakman
GORDON,849-A,Gordon County
GORDON,849-B,Calhoun City
GORDON,856,Lily Pond
GORDON,874,Fairmount
GORDON,973,Red Bud
GORDON,980,Resaca
GRADY,B,Blowing Cave
GRADY,C04,Cairo 4th District
GRADY,C05,Cairo 5th District
GRADY,D,Duncanville
GRADY,H,Higdon
GRADY,L,Limesink
GRADY,M,Midway
GRADY,P,Pine Park
GRADY,R,Ragan
GRADY,S,Spence
GRADY,SH,Spring Hill
GRADY,W,Whigham
GRADY,WL,Woodland
GREENE,001,Greensboro
GREENE,004,Union Point
GREENE,005,Siloam
GREENE,006,White Plains
GREENE,008,Old Salem
GWINNETT,001,HARBINS A
GWINNETT,002,ROCKBRIDGE A
GWINNETT,003,DACULA
GWINNETT,004,SUWANEE A
GWINNETT,005,BAYCREEK A
GWINNETT,006,GOODWINS A
GWINNETT,007,DULUTH A
GWINNETT,008,DUNCANS A
GWINNETT,009,PUCKETTS A
GWINNETT,010,CATES A
GWINNETT,011,BERKSHIRE A
GWINNETT,012,BERKSHIRE B
GWINNETT,013,DUNCANS C
GWINNETT,014,GARNERS A
GWINNETT,015,LAWRENCEVILLE A
GWINNETT,016,LAWRENCEVILLE B
GWINNETT,017,MARTINS A
GWINNETT,018,MARTINS B
GWINNETT,019,MARTINS C
GWINNETT,020,PINCKNEYVILLE A
GWINNETT,021,PINCKNEYVILLE B
GWINNETT,022,PINCKNEYVILLE C
GWINNETT,023,PINCKNEYVILLE D
GWINNETT,024,SUGAR HILL A
GWINNETT,025,SUGAR HILL B
GWINNETT,026,HOG MOUNTAIN A
GWINNETT,027,HOG MOUNTAIN B
GWINNETT,028,ROCKYCREEK A
GWINNETT,029,CATES B
GWINNETT,030,CATES C
GWINNETT,031,HOG MOUNTAIN D
GWINNETT,032,BERKSHIRE D
GWINNETT,033,BERKSHIRE E
GWINNETT,034,BERKSHIRE F
GWINNETT,035,CATES D
GWINNETT,036,CATES E
GWINNETT,037,PINCKNEYVILLE E
GWINNETT,038,PINCKNEYVILLE F
GWINNETT,039,DUNCANS D
GWINNETT,040,PINCKNEYVILLE H
GWINNETT,041,BAYCREEK B
GWINNETT,042,LAWRENCEVILLE C
GWINNETT,043,MARTINS D
GWINNETT,044,ROCKBRIDGE B
GWINNETT,045,GARNERS B
GWINNETT,046,CATES F
GWINNETT,047,CATES G
GWINNETT,048,DULUTH B
GWINNETT,049,GARNERS C
GWINNETT,050,PINCKNEYVILLE I
GWINNETT,051,PINCKNEYVILLE J
GWINNETT,052,BERKSHIRE G
GWINNETT,053,CATES H
GWINNETT,054,SUGAR HILL C
GWINNETT,055,SUGAR HILL D
GWINNETT,056,DULUTH C
GWINNETT,057,DULUTH D
GWINNETT,058,PINCKNEYVILLE K
GWINNETT,059,PINCKNEYVILLE N
GWINNETT,060,LAWRENCEVILLE D
GWINNETT,061,LAWRENCEVILLE E
GWINNETT,062,PINCKNEYVILLE L
GWINNETT,063,PINCKNEYVILLE M
GWINNETT,064,GARNERS D
GWINNETT,065,BERKSHIRE H
GWINNETT,066,PINCKNEYVILLE O
GWINNETT,067,PUCKETTS E
GWINNETT,068,CATES I
GWINNETT,069,CATES J
GWINNETT,070,GOODWINS B
GWINNETT,071,LAWRENCEVILLE F
GWINNETT,072,MARTINS E
GWINNETT,073,PINCKNEYVILLE P
GWINNETT,074,PINCKNEYVILLE Q
GWINNETT,075,ROCKBRIDGE C
GWINNETT,076,ROCKBRIDGE D
GWINNETT,077,GOODWINS C
GWINNETT,078,BAYCREEK K
GWINNETT,079,CATES K
GWINNETT,080,BAYCREEK C
GWINNETT,081,CATES L
GWINNETT,082,DULUTH E
GWINNETT,083,GOODWINS D
GWINNETT,084,LAWRENCEVILLE G
GWINNETT,085,LAWRENCEVILLE H
GWINNETT,086,MARTINS F
GWINNETT,087,PINCKNEYVILLE S
GWINNETT,088,ROCKBRIDGE E
GWINNETT,089,SUGAR HILL E
GWINNETT,090,LAWRENCEVILLE I
GWINNETT,091,BAYCREEK D
GWINNETT,092,BERKSHIRE J
GWINNETT,093,CATES M
GWINNETT,094,CATES N
GWINNETT,095,DULUTH F
GWINNETT,096,DULUTH G
GWINNETT,097,GOODWINS E
GWINNETT,098,GOODWINS F
GWINNETT,099,PINCKNEYVILLE T
GWINNETT,100,SUWANEE B
GWINNETT,101,PINCKNEYVILLE U
GWINNETT,102,PUCKETTS B
GWINNETT,103,BERKSHIRE L
GWINNETT,104,ROCKBRIDGE F
GWINNETT,105,SUGAR HILL F
GWINNETT,106,SUWANEE C
GWINNETT,107,CATES O
GWINNETT,108,BAYCREEK E
GWINNETT,109,BERKSHIRE M
GWINNETT,110,MARTINS G
GWINNETT,111,DULUTH H
GWINNETT,112,BERKSHIRE N
GWINNETT,113,PINCKNEYVILLE V
GWINNETT,114,PINCKNEYVILLE W
GWINNETT,115,MARTINS H
GWINNETT,116,MARTINS I
GWINNETT,117,MARTINS J
GWINNETT,118,GARNERS F
GWINNETT,119,BERKSHIRE O
GWINNETT,120,BERKSHIRE P
GWINNETT,121,PINCKNEYVILLE X
GWINNETT,122,ROCKBRIDGE G
GWINNETT,123,PINCKNEYVILLE Y
GWINNETT,124,GOODWINS G
GWINNETT,125,PINCKNEYVILLE Z
GWINNETT,126,PINCKNEYVILLE A1
GWINNETT,127,LAWRENCEVILLE J
GWINNETT,128,GOODWINS H
GWINNETT,129,DUNCANS B
GWINNETT,130,SUWANEE D
GWINNETT,131,SUWANEE E
GWINNETT,132,LAWRENCEVILLE K
GWINNETT,133,HARBINS B
GWINNETT,134,BAYCREEK F
GWINNETT,135,PUCKETTS C
GWINNETT,136,HOG MOUNTAIN C
GWINNETT,137,ROCKYCREEK B
GWINNETT,138,DULUTH I
GWINNETT,139,MARTINS K
GWINNETT,140,SUWANEE H
GWINNETT,141,SUGAR HILL G
GWINNETT,142,SUWANEE F
GWINNETT,143,LAWRENCEVILLE L
GWINNETT,144,LAWRENCEVILLE M
GWINNETT,145,BAYCREEK G
GWINNETT,146,BAYCREEK H
GWINNETT,147,BAYCREEK I
GWINNETT,148,BERKSHIRE Q
GWINNETT,149,GOODWINS I
GWINNETT,150,DULUTH K
GWINNETT,151,HARBINS C
GWINNETT,152,ROCKYCREEK C
GWINNETT,153,LAWRENCEVILLE N
GWINNETT,154,PUCKETTS D
GWINNETT,155,SUWANEE G
GWINNETT,156,BAYCREEK J
HABERSHAM,01,Habersham North
HABERSHAM,02,Habersham South
HABERSHAM,03,Demorest
HABERSHAM,04,Town of Mt Airy
HABERSHAM,05,City of Baldwin
HABERSHAM,06,Mud Creek
HABERSHAM,07,Amys Creek
HALL,001,Wilson
HALL,002,Chicopee
HALL,003,Oakwood I
HALL,004,Oakwood II
HALL,005,Flowery Branch I
HALL,006,Flowery Branch II
HALL,007,Roberts
HALL,008,Morgan I
HALL,009,Morgan II
HALL,010,Candler
HALL,011,Tadmore
HALL,012,Glade
HALL,013,Lula
HALL,014,Clermont
HALL,015,Quillians
HALL,016,Bark Camp
HALL,017,Chestatee
HALL,018,Fork
HALL,019,Whelchel
HALL,020,West Whelchel
HALL,021,Gainesville I
HALL,022,Gainesville II
HALL,023,Gainesville III
HALL,024,Gainesville IV
HALL,025,Gainesville V
HALL,026,Gillsville
HALL,027,Big Hickory
HALL,028,Friendship I
HALL,029,Friendship II
HALL,030,Friendship III
HALL,031,Friendship IV
HANCOCK,1A,Devereux Fire Station
HANCOCK,1B,St Mark
HANCOCK,2A,Courthouse
HANCOCK,2B,Second Beulah
HANCOCK,3A,Mayfield Community Center
HANCOCK,3B,Power of God
HANCOCK,3C,Warren Chapel
HANCOCK,4A,Youth Center
HANCOCK,4B,Second Darrien
HANCOCK,4C,Sparta 4C
HARALSON,02,Bremen
HARALSON,03,Buchanan
HARALSON,04,Buncombe
HARALSON,05,Corinth
HARALSON,06,Twentieth
HARALSON,07,Felton
HARALSON,08,Little Creek
HARALSON,09,Mt View
HARALSON,10,Seventh
HARALSON,11,Berea-Steadman
HARALSON,12,Tallapoosa
HARALSON,13,Waco
HARRIS,CA,Cataula
HARRIS,EL,Ellerslie
HARRIS,GM,Goodman
HARRIS,HA,Hamilton
HARRIS,L9,Lower 19th
HARRIS,MG,Mulberry Grove
HARRIS,PV,Pine Mountain Valley
HARRIS,SK,Skinner
HARRIS,U9,Upper 19th
HARRIS,VP,Valley Plains
HARRIS,WA,Waverly Hall
HARRIS,WH,Whitesville
HART,2,Hartwell
HART,3,Goldmine
HART,4,Cokesbury
HART,5,Reed Creek
HART,6,Bowersville
HART,7,Shoal Creek
HART,8,Bio
HEARD,CEN,Centralhatchee
HEARD,COO,Cooksville-Corinth
HEARD,ENO,Enon Grove
HEARD,EPH,Ephesus
HEARD,FRA,Franklin
HEARD,SOU,Southwest
HENRY,25,Locust Grove
HENRY,26,Tussahaw
HENRY,27,Sandy Ridge
HENRY,28,Westside
HENRY,29,Lowes
HENRY,30,South Hampton
HENRY,31,North Hampton
HENRY,32,Mt Carmel
HENRY,33,Red Oak
HENRY,34,Wesley Lakes
HENRY,35,McDonough
HENRY,36,McMullen
HENRY,37,East Lake
HENRY,38,Hickory Flat
HENRY,39,Stockbridge East-West
HENRY,41,Stagecoach
HENRY,42,Cotton Indian
HENRY,43,Pleasant Grove
HENRY,44,Austin Road
HENRY,45,Swan Lake
HENRY,46,Shakerag
HENRY,47,Ellenwood
HENRY,48,Unity Grove
HENRY,49,Shiloh
HENRY,50,Pates Creek
HENRY,51,Oakland
HENRY,52,Lake Dow
HENRY,53,Flippen
HENRY,54,Stockbridge Central
HENRY,55,Kelleytown
HENRY,56,Lighthouse
HENRY,57,Dutchtown
HENRY,58,Mt Bethel
HENRY,59,Grove Park
HENRY,60,Lake Haven
HENRY,61,McDonough Central
HENRY,62,Timberridge
HOUSTON,ANNX,ANNX
HOUSTON,BMS,BMS
HOUSTON,CENT,CENT
HOUSTON,CGTC,CGTC
HOUSTON,FMMS,FMMS
HOUSTON,HAFS,HAFS
HOUSTON,HCTC,HCTC
HOUSTON,HEFS,HEFS
HOUSTON,HHPC,HHPC
HOUSTON,MCMS,MCMS
HOUSTON,NSES,NSES
HOUSTON,RECR,RECR
HOUSTON,ROZR,ROZR
HOUSTON,TMS,TMS
HOUSTON,TWPK,TWPK
HOUSTON,VHS,VHS
IRWIN,0901,Irwinville
IRWIN,1529,Ocilla
IRWIN,1753,Holt
JACKSON,1000,Central Jackson
JACKSON,2000,North Jackson
JACKSON,3000,West Jackson
JACKSON,4000,South Jackson
JASPER,290,Wyatt
JASPER,295,Monticello
JASPER,296,Martin-Burney
JEFF DAVIS,100,Hazlehurst
JEFF DAVIS,201,Altamaha 1
JEFF DAVIS,202,Altamaha 2
JEFF DAVIS,301,Blackburn 1
JEFF DAVIS,302,Blackburn 2
JEFF DAVIS,401,Whitehead 1
JEFF DAVIS,402,Whitehead 2
JEFF DAVIS,501,Ocmulgee 1
JEFF DAVIS,502,Ocmulgee 2
JEFFERSON,0076,Stapleton Crossroads
JEFFERSON,0077,Matthews
JEFFERSON,0081,Wrens
JEFFERSON,0082,Louisville
JEFFERSON,0083,Wadley
JEFFERSON,0085,Bartow
JEFFERSON,1460,Stapleton
JEFFERSON,1593,Avera
JENKINS,1,Primary School
JENKINS,2,Court House
JENKINS,3,Perkins
JENKINS,4,Senior Citizens Center
JENKINS,5,Four Points
JOHNSON,1201,Wrightsville
JOHNSON,1266,Smith
JOHNSON,1301,Bray
JOHNSON,55,Kite
JONES,1,Gray
JONES,10,Hawkins
JONES,11,Ethridge
JONES,2,Clinton
JONES,3,Roberts
JONES,4,Davidson
JONES,5,Pope
JONES,6,Barron
JONES,8,Sanders
JONES,9,Finney
LAMAR,1711,Barnesville
LAMAR,1712A,Chappell Mill V FD
LAMAR,1712B,Senior Citizen Bldg
LAMAR,1712C,Redbone
LAMAR,1713,L C S C
LAMAR,1714,Milner
LANIER,1,Lakeland
LAURENS,03,FBC-FLC
LAURENS,04,Calhoun Park
LAURENS,05,Fire Dept Sta 5
LAURENS,07,Buckeye
LAURENS,08,Burch
LAURENS,10,Cadwell
LAURENS,11,Brewton
LAURENS,12,Dudley
LAURENS,13,Hampton Mill
LAURENS,14,Harvard
LAURENS,15,Minter
LAURENS,16,Rural Fire Sta 17
LAURENS,18,W T Adams Fire Sta 18
LAURENS,19,Reedy Springs
LAURENS,21,Smith
LAURENS,22,LCFS 10 Valambrosia
LEE,1,Chokee
LEE,10,Redbone
LEE,2,Smithville
LEE,3,CJC
LEE,4,Leesburg
LEE,5,Friendship Baptist
LEE,6,First Baptist
LEE,7,SDA Church
LEE,8,Flint Reformed Baptist
LEE,9,Century Fire Station
LIBERTY,1,Riceboro Youth Center
LIBERTY,10,Lyman Hall School
LIBERTY,11,Lewis Frasier School
LIBERTY,12,Memorial Dr East
LIBERTY,13,Button Gwinnett
LIBERTY,14,Town of Allenhurst
LIBERTY,2,Hinesville
LIBERTY,3,Liberty County Complex
LIBERTY,4,Walthourville
LIBERTY,5,Fleming West
LIBERTY,6,Fleming East
LIBERTY,7,Gum Branch
LIBERTY,9,Hinesville Lodge 271
LINCOLN,1-A,Midway
LINCOLN,1-B,Lincoln Club House
LINCOLN,2,Lincoln Center
LINCOLN,3-A,Faith Temple of Lincoln
LINCOLN,3-B,Tabernacle
LINCOLN,4-A,Bethany Church
LINCOLN,4-B,Martins Crossroad
LONG,1,Beards Creek
LONG,2,Rye Patch/Oak Dale
LONG,3,South Ludowici
LONG,4,North Ludowici
LONG,5,Tibet
LONG,6,Alma Flournoy
LONG,7,Faith Baptist Annex
LOWNDES,001,Hahira Train Depot
LOWNDES,002,Trinity
LOWNDES,003,Northside
LOWNDES,004,Naylor
LOWNDES,005,Rainwater
LOWNDES,006,Mildred
LOWNDES,007,Clyattville
LOWNDES,008,Dasher
LOWNDES,009,S Lowndes
LOWNDES,010,VSU UC # 2
LOWNDES,011,Jaycee Shack
LOWNDES,012,Northgate Assembly
LOWNDES,013,Mt Calvary
LUMPKIN,DA,Dahlonega
MACON,1,Ideal
MACON,2,Oglethorpe
MACON,3,Marshallville
MACON,4,Montezuma #4
MACON,5,Montezuma #5
MADISON,COB,Colbert
MADISON,COL,Collins
MADISON,COM,Comer
MADISON,DAN,Danielsville
MADISON,FOR,Fork
MADISON,HAR,Harrison
MADISON,HUL,Hull
MADISON,ILA,Ila
MADISON,MIL,Mill
MADISON,PAO,Paoli
MADISON,PIT,Pittman
MADISON,POC,Poca
MARION,339,Pineknot
MARION,807,Buena Vista
MARION,808,Tazewell
MARION,948,Brantley
MARION,955,Fort Perry
MCDUFFIE,131,131
MCDUFFIE,132,132
MCDUFFIE,133A,133A
MCDUFFIE,133B,133B
MCDUFFIE,134,134
MCDUFFIE,135,135
MCDUFFIE,136,136
MCDUFFIE,137,137
MCDUFFIE,139,139
MCINTOSH,1312,Sapelo Island
MCINTOSH,1480,Townsend
MCINTOSH,1515,Crescent
MCINTOSH,1771,Darien
MCINTOSH,22,South Newport
MCINTOSH,271,North Darien
MERIWETHER,01,Chalybeate
MERIWETHER,02,Gill I
MERIWETHER,03,Gill II
MERIWETHER,04,Odessadale
MERIWETHER,05,Greenville
MERIWETHER,06,Lone Oak
MERIWETHER,07,Luthersville
MERIWETHER,08,Alvaton
MERIWETHER,09,Gay
MERIWETHER,10,Woodbury
MERIWETHER,11,Warm Springs
MERIWETHER,12,Durand
MERIWETHER,13,Raleigh
MERIWETHER,14,Cove
MILLER,1,Colquitt-Miller
MITCHELL,BA,Baconton
MITCHELL,BV,Branchville
MITCHELL,CN,Camilla North
MITCHELL,CS,Camilla South
MITCHELL,CT,Cotton
MITCHELL,HF,Hopeful
MITCHELL,HI,Hinsonton
MITCHELL,LS,Lester
MITCHELL,PC,Pebble City
MITCHELL,PE,Pelham
MITCHELL,SC,Sale City
MONROE,01,Bentons
MONROE,02,Brantleys
MONROE,03,Burgays
MONROE,04,Cabaniss
MONROE,05,Cox
MONROE,06,Culloden
MONROE,07,Dillards
MONROE,08,Evers
MONROE,09,Forsyth
MONROE,10,High Falls
MONROE,11,Kelseys
MONROE,12,Middlebrooks
MONROE,13,Proctors
MONROE,14,Russellville
MONTGOMERY,01,Ailey
MONTGOMERY,02,Alston
MONTGOMERY,03,Higgston
MONTGOMERY,04,Kibbee
MONTGOMERY,05,Mount Vernon
MONTGOMERY,06,Tarrytown
MONTGOMERY,07,Uvalda
MORGAN,01,Northeast Morgan
MORGAN,02,East Morgan
MORGAN,03,Beth/Springfield
MORGAN,04,Central Morgan
MORGAN,05,Clacks Chapel
MORGAN,06,West Morgan
MORGAN,07,North Morgan
MURRAY,1013,McDonald
MURRAY,1039,Shuck Pen
MURRAY,1291,Southwest
MURRAY,1895,Spring Place
MURRAY,824,Town
MURRAY,872,Carters-Doolittle
MURRAY,874,North
MUSCOGEE,101,Wynnton/Britt
MUSCOGEE,102,Carver/Mack
MUSCOGEE,103,St John/Belvedere
MUSCOGEE,104,Britt David
MUSCOGEE,105,St Peter
MUSCOGEE,106,Cornerstone
MUSCOGEE,107,Columbus Tech
MUSCOGEE,108,St Mark/Heiferhorn
MUSCOGEE,109,Wynnbrook
MUSCOGEE,110,Cusseta Rd
MUSCOGEE,112,Our Lady of Lourdes
MUSCOGEE,113,Mt Pilgrim
MUSCOGEE,114,Faith Tabernacle
MUSCOGEE,115,Canaan
MUSCOGEE,116,Holsey/Buena Vista
MUSCOGEE,117,Gentian/Reese
MUSCOGEE,118,St Paul/Clubview
MUSCOGEE,119,Moon/Morningside
MUSCOGEE,120,St Andrews/Midland
MUSCOGEE,121,Salvation Army
MUSCOGEE,122,First African
MUSCOGEE,124,Epworth UMC
MUSCOGEE,125,Marianna Gallops
MUSCOGEE,126,Edgewood Baptist
MUSCOGEE,127,Psalmond/Mathews
NEWTON,01,City Pond
NEWTON,02,Town
NEWTON,03,Almon
NEWTON,04,Alcovy
NEWTON,05,Covington Mills
NEWTON,06,Brewers
NEWTON,07,Brick Store
NEWTON,08,Cedar Shoals
NEWTON,09,Livingston
NEWTON,10,Downs
NEWTON,12,Gum Creek
NEWTON,13,Beaverdam
NEWTON,14,Leguinn
NEWTON,15,Mansfield
NEWTON,16,Newborn
NEWTON,17,Oxford
NEWTON,18,Rocky Plains
NEWTON,19,Buck Creek
NEWTON,20,Stansells
NEWTON,23,Fairview
NEWTON,24,Crowell
NEWTON,25,Hub
OCONEE,01,City Hall
OCONEE,02,Colham Ferry
OCONEE,03,Antioch
OCONEE,04,Farmington
OCONEE,05,Bishop
OCONEE,06,High Shoals
OCONEE,07,North Oconee
OCONEE,08,Dark Corner
OCONEE,09,Bogart
OCONEE,10,Marswood Hall
OCONEE,11,East Oconee
OCONEE,12,Civic Center
OGLETHORPE,BV,Beaverdam
OGLETHORPE,CR,Crawford
OGLETHORPE,LX,Lexington
PAULDING,0001B,Burnt Hickory Park
PAULDING,0002C,Crossroads Library
PAULDING,0003C,Shelton Elementary
PAULDING,0004C,Russom Elementary
PAULDING,0005C,Paulding Sr Center
PAULDING,0006B,Legacy Bapt Church
PAULDING,0007B,Watson Govt Cmplx
PAULDING,0008C,West Ridge Church
PAULDING,0009B,Events Place
PAULDING,0010B,Poplar Sprgs Bapt Church
PAULDING,0011C,D Wright Innovation Ctr
PAULDING,0012C,Taylor Farm Park
PAULDING,0013B,Nebo Elem School
PAULDING,0014B,White Oak Park
PAULDING,0015C,Mulberry Rock Park
PAULDING,0016C,Beulahland Baptist Church
PAULDING,0017C,Paulding County Airport
PAULDING,0018C,Picketts Mill Baptist Church
PAULDING,0019C,Dobbins Middle School
PEACH,B1,Byron 1
PEACH,B2,Byron 2
PEACH,C1,Claude
PEACH,F1,Fort Valley 1
PEACH,F2,Fort Valley 2
PEACH,F3,Fort Valley 3
PEACH,P1,Powersville
PICKENS,1,Yellow Creek
PICKENS,10,Sharptop
PICKENS,11,Appalachian
PICKENS,12,Refuge
PICKENS,2,Hill
PICKENS,3,Hinton
PICKENS,4,Jerusalem
PICKENS,5,Ludville
PICKENS,6,Nelson
PICKENS,7,Talking Rock
PICKENS,8,Jasper
PICKENS,9,Tate
PIERCE,0001,Hacklebarney-Cason
PIERCE,0002,Blackshear
PIERCE,3A,St Johns-Blackshear
PIERCE,3B,Otter Creek
PIERCE,4A,Patterson
PIERCE,4B,Mershon
PIERCE,4C,Alabaha
PIERCE,4D,Sunset-Sweat
PIKE,1,Concord
PIKE,2,Hollonville
PIKE,3,Meansville
PIKE,4,Molena
PIKE,5,Second District
PIKE,6,Lifsey Springs
PIKE,7,Williamson
PIKE,8,Zebulon
POLK,01,Aragon
POLK,02,Blooming Grove
POLK,03,Cedartown
POLK,04,Fish Creek
POLK,05,Lake Creek
POLK,06,Rockmart
POLK,07,Youngs Grove
PULASKI,ANNEX,Courthouse Annex
PUTNAM,101,101
PUTNAM,104,104
PUTNAM,105,105
PUTNAM,106,106
PUTNAM,107,107
QUITMAN,G,Georgetown
QUITMAN,M,Morris
RABUN,RABUN,Rabun County
RANDOLPH,131,Coleman
RANDOLPH,334,Shellman
RANDOLPH,566,Benevolence
RANDOLPH,718A,Cuthbert-Courthouse
RANDOLPH,718B,Cuthbert
RANDOLPH,954,Springvale
RICHMOND,101,101
RICHMOND,102,102
RICHMOND,103,103
RICHMOND,104,104
RICHMOND,105,105
RICHMOND,106,106
RICHMOND,107,107
RICHMOND,108,108
RICHMOND,109,109
RICHMOND,111,111
RICHMOND,112,112
RICHMOND,114,114
RICHMOND,115,115
RICHMOND,201,201
RICHMOND,202,202
RICHMOND,203,203
RICHMOND,204,204
RICHMOND,207,207
RICHMOND,208,208
RICHMOND,210,210
RICHMOND,301,301
RICHMOND,302,302
RICHMOND,303,303
RICHMOND,304,304
RICHMOND,305,305
RICHMOND,306,306
RICHMOND,307,307
RICHMOND,308,308
RICHMOND,309,309
RICHMOND,310,310
RICHMOND,401,401
RICHMOND,402,402
RICHMOND,404,404
RICHMOND,405,405
RICHMOND,406,406
RICHMOND,501,501
RICHMOND,502,502
RICHMOND,503,503
RICHMOND,504,504
RICHMOND,506,506
RICHMOND,507,507
RICHMOND,509,509
RICHMOND,601,601
RICHMOND,603,603
RICHMOND,604,604
RICHMOND,605,605
RICHMOND,607,607
RICHMOND,608,608
RICHMOND,701,701
RICHMOND,702,702
RICHMOND,703,703
RICHMOND,705,705
RICHMOND,706,706
RICHMOND,707,707
RICHMOND,708,708
RICHMOND,709,709
RICHMOND,801,801
RICHMOND,801B,801B
RICHMOND,802,802
RICHMOND,803,803
RICHMOND,804,804
RICHMOND,804H,804H
RICHMOND,805,805
RICHMOND,806,806
RICHMOND,807,807
RICHMOND,808,808
RICHMOND,809,809
RICHMOND,810,810
ROCKDALE,BA,BA
ROCKDALE,BT,BT
ROCKDALE,CO,CO
ROCKDALE,FI,FI
ROCKDALE,FS,FS
ROCKDALE,HC,HC
ROCKDALE,HI,HI
ROCKDALE,LA,LA
ROCKDALE,LO,LO
ROCKDALE,MA,MA
ROCKDALE,MI,MI
ROCKDALE,OT,OT
ROCKDALE,RO,RO
ROCKDALE,SM,SM
ROCKDALE,SP,SP
ROCKDALE,ST,ST
SCHLEY,01,Precinct One
SCREVEN,01,Sylvania
SCREVEN,02,Hunters
SCREVEN,03,Newington
SCREVEN,04,Jenk Hill Fire Sta
SCREVEN,05,Rocky Ford
SCREVEN,06,Bay Branch
SCREVEN,07,Hiltonia
SCREVEN,08,Screven Rec Dept
SCREVEN,09,Greenhill Church
SCREVEN,10,Sr Citizens Center
SCREVEN,11,Jackson Fire Station
SCREVEN,12,Cooperville Fire Station
SEMINOLE,1,Precinct 1
SEMINOLE,2,Precinct 2
SEMINOLE,3,Precinct 3
SEMINOLE,4,Precinct 4
SEMINOLE,5,Precinct 5
SPALDING,01,01
SPALDING,02,02
SPALDING,03,03
SPALDING,05,05
SPALDING,06,06
SPALDING,07,07
SPALDING,08,08
SPALDING,09,09
SPALDING,10,10
SPALDING,11,11
SPALDING,12,12
SPALDING,13,13
SPALDING,14,14
SPALDING,16,16
SPALDING,17,17
SPALDING,19,19
SPALDING,20,20
SPALDING,21,21
STEPHENS,SC1,Senior Center
STEWART,02,Richland
STEWART,04,Louvale
STEWART,05,Lumpkin
STEWART,06,Omaha
SUMTER,15,Leslie
SUMTER,17,Thompson
SUMTER,28,Browns Mill
SUMTER,29,Andersonville
SUMTER,C1-27,Reese Park
SUMTER,C2-27,GSW Conf Center
SUMTER,C3-27,Rec Dept
SUMTER,E-27,Airport
SUMTER,N-26,Concord
SUMTER,O-26,Plains
SUMTER,W-27,Agri-Center
TALBOT,01,ONeal
TALBOT,02,Valley
TALBOT,03,Junction City
TALBOT,04,Geneva
TALBOT,05,Talbotton
TALBOT,06,Box Springs
TALBOT,08,Flint Hill
TALIAFERRO,172,Sharon
TALIAFERRO,601,Crawfordville
TATTNALL,1,Cobbtown
TATTNALL,10,Shiloh
TATTNALL,3,Collins
TATTNALL,4,Manassas
TATTNALL,5,District II
TATTNALL,7,East Glennville
TATTNALL,8,District IV
TATTNALL,9,District V
TAYLOR,1,Precinct 1
TAYLOR,5,Precinct 5
TAYLOR,6,Precinct 6
TELFAIR,HE,Helena
TELFAIR,JA,Jacksonville
TELFAIR,LU,Lumber-City
TELFAIR,MC,McRae
TELFAIR,MI,Milan
TELFAIR,SC,Scotland
TERRELL,01,Dawson
TERRELL,02,Sasser
TERRELL,03,Bronwood
TERRELL,04,Parrott
TERRELL,05,Graves
TERRELL,06,Herod-Dover
THOMAS,101,Barwick
THOMAS,102,Boston
THOMAS,103,Central
THOMAS,104,Coolidge
THOMAS,105,Douglass
THOMAS,106,LIttle Ochlocknee Baptist Church
THOMAS,107,Fire Station #2
THOMAS,108,Gatlin Creek
THOMAS,109,Harper
THOMAS,110,Jerger
THOMAS,111,Meigs
THOMAS,112,Merrillville
THOMAS,113,Metcalfe
THOMAS,114,New Covenant
THOMAS,115,Ochlocknee
THOMAS,116,Patten
THOMAS,117,Pavo
THOMAS,118,Remington Esc
THOMAS,119,Resource Center
THOMAS,120,Scott
TIFT,01,Tifton Northeast
TIFT,02,Brighton
TIFT,03,Brookfield
TIFT,04,Chula
TIFT,05,Docia
TIFT,06,Eldorado
TIFT,07,Omega
TIFT,08,Ty Ty
TIFT,09,Tifton Northwest
TIFT,10,Tifton South
TIFT,11,Mott-Litman Gym
TIFT,12,Tifton Lodge
TOOMBS,15361,15361 Lyons
TOOMBS,39,39 Newbranch
TOOMBS,43,43 Cedar Crossing
TOOMBS,513,513 VPD
TOOMBS,514,514 STIALC
TOWNS,1468,Young Harris
TOWNS,833,Macedonia
TOWNS,990,Hiawassee
TREUTLEN,ANNEX,Annex
TREUTLEN,SOPE,Soperton
TROUP,01,Hollis Hand
TROUP,02,Administration Bldg
TROUP,03,Hammett Rd
TROUP,04,Griggs Center
TROUP,05,West Point
TROUP,06,Hogansville
TROUP,07,East Vernon
TROUP,08,Rosemont
TROUP,10,McClendon
TROUP,11,Long Cane
TROUP,12,Gardner Newman
TROUP,13,Gray Hill
TROUP,15,Highland
TROUP,16,Northside
TURNER,1,Ashburn
TURNER,2,Sycamore
TURNER,3,Rebecca
TWIGGS,DB,Dry Branch
TWIGGS,GI,Golden Isles
TWIGGS,HV,Higgsville
TWIGGS,JV/W,Jeffersonville/Ware
TWIGGS,SG/T,Shady Grove/Tarvers
UNION,1,Blairsville
UNION,10,Coosa
UNION,11,Choestoe
UNION,2,Jones Creek
UNION,3,Owltown
UNION,4,Ivy Log
UNION,5,Suches
UNION,6,Trackrock
UNION,7,Dooley
UNION,8,Gumlog
UNION,9,Pat Colwell
UPSON,0588,Yatesville
UPSON,0589,Salem
UPSON,1610,Redbone
UPSON,5610,Town
WALKER,0871,La Fayette
WALKER,0917,Walnut Grove
WALKER,0944,Rock Spring
WALKER,0953,Armuchee Valley
WALKER,1161,Mountain
WALKER,1501,Chattanooga Valley
WALKER,1809,Kensington
WALKER,1812,Rossville
WALKER,1818,Chickamauga
WALKER,1851,Fairyland
WALKER,1893,Fairview
WALTON,1663,Bold Springs
WALTON,1675,Whatley
WALTON,250,Walker Park
WALTON,414,Gratis
WALTON,415,Between
WALTON,416,Walnut Grove
WALTON,417,Loganville North
WALTON,418,Social Circle
WALTON,419,South Monroe
WALTON,420,North Monroe
WALTON,421,Loganville South
WALTON,422,West Walton
WALTON,423,Broken Arrow
WALTON,424,Bay Creek
WALTON,425,E Monroe
WALTON,426,W Monroe
WALTON,427,Tara
WALTON,454,Mountain
WALTON,502,Jersey
WALTON,503,Blasingame
WALTON,559,Good Hope
WARE,100,100
WARE,200A,200A
WARE,200B,200B
WARE,300,300
WARE,304,304
WARE,400,400
WARE,404,404
WARE,405,405
WARE,406,406
WARE,407,407
WARE,408,408
WARE,409,409
WARREN,1,Warrenton
WASHINGTON,1253,Riddleville
WASHINGTON,1350,Warthen
WASHINGTON,1488,Tennille
WASHINGTON,88,Oconee
WASHINGTON,91,Harrison
WASHINGTON,94,Davisboro
WASHINGTON,97,Sandersville
WASHINGTON,99,Deepstep
WAYNE,1A,Odum
WAYNE,1B,Madray Springs
WAYNE,1C,Oglethorpe
WAYNE,2A,Screven
WAYNE,2C,Empire
WAYNE,2D,Red Hill
WAYNE,3A,Altamaha
WAYNE,3B,Gardi
WAYNE,4A,VFW
WAYNE,4B,Pine Street
WAYNE,5A,Unity
WAYNE,5B,Rec Center
WEBSTER,P1,Preston 1
WHEELER,1,Alamo
WHEELER,2,Glenwood
WHITE,011,Blue Creek
WHITE,021,Blue Ridge
WHITE,031,Helen
WHITE,041,Mossy Creek
WHITE,051,Mt Yonah
WHITE,061,Nacoochee
WHITE,071,Robertstown
WHITE,081,Shoal Creek
WHITE,091,Tesnatee
WHITE,101,Town Creek
WHITE,111,White Creek
WHITFIELD,1A,1A
WHITFIELD,2A,2A
WHITFIELD,3A,3A
WHITFIELD,4A,4A
WHITFIELD,5A,5A
WHITFIELD,6A,6A
WHITFIELD,AN,AN
WHITFIELD,CA,CA
WHITFIELD,CO,CO
WHITFIELD,DG,DG
WHITFIELD,ES,ES
WHITFIELD,FI,FI
WHITFIELD,GL,GL
WHITFIELD,LT,LT
WHITFIELD,MC,MC
WHITFIELD,NI,NI
WHITFIELD,PG,PG
WHITFIELD,TH,TH
WHITFIELD,TI,TI
WHITFIELD,TR,TR
WHITFIELD,UT,UT
WHITFIELD,VA,VA
WHITFIELD,WS,WS
WILCOX,1A,Rochelle North 1
WILCOX,2A,Abbeville North 2
WILCOX,2B,Pineview 2
WILCOX,3A,Pitts 3
WILCOX,4A,Rochelle South 4
WILCOX,5A,Abbeville South 5
WILKES,1,Senior Citizen Center
WILKES,2A,Young Farmers Bldg
WILKES,2B,Metasville Fire Sta
WILKES,3A,Edward B Pope Center
WILKES,3B,Rayle City Hall
WILKES,4A,Courthouse
WILKES,4B,Tignal Sch Lunch Rm
WILKINSON,02,Bloodworth
WILKINSON,03,Griffin
WILKINSON,04,High Hill
WILKINSON,05,Irwinton
WILKINSON,06,Ivey
WILKINSON,07,Lord
WILKINSON,08,Midway
WILKINSON,10,Ramah
WILKINSON,11,Turkey Creek
WORTH,1,Sylvester
WORTH,10,Scooterville
WORTH,11,Minton
WORTH,12,Bridgeboro
WORTH,14,County Line
WORTH,15,Isabella
WORTH,16,Piney Woods
WORTH,2,Sylvester East
WORTH,3,Poulan
WORTH,4,Sumner
WORTH,5,Shingler
WORTH,6,Red Rock
WORTH,7,Doles
WORTH,8,Oakfield
WORTH,9,Warwick
